Model1,Model2,AUC_Diff,SE,Z_Score,P_Value,CI_Lower,CI_Upper,Significant
Densenet121,EfficientNetB3,0.04979057282756172,0.01333587555988137,3.7335810913943948,0.0001887763763026573,0.026402430026656716,0.07666029824700057,True
Densenet121,InceptionV3,0.03561736770692003,0.016049658640909563,2.219197834908066,0.026473268312703135,0.0057330252960639495,0.06762855301401505,True
Densenet121,ResNet50,-0.060438912158574665,0.011361719885677536,-5.3195214075611315,1.0404057171342629e-07,-0.08335409906661516,-0.03857773775558041,True
EfficientNetB3,InceptionV3,-0.014173205120641685,0.017780008663994998,-0.7971427567042086,0.42536812684303693,-0.04826261314561193,0.0212189419068291,False
EfficientNetB3,ResNet50,-0.11022948498613638,0.014777310520703723,-7.459373938965387,8.704148513061227e-14,-0.1417227945704038,-0.08164456981947142,True
InceptionV3,ResNet50,-0.0960562798654947,0.01247419324017586,-7.7004001794781,1.354472090042691e-14,-0.11964743006107503,-0.0706358108627231,True
