Model1,Model2,Acc_Diff,b,c,Chi2_Stat,P_Value,Significant
Densenet121,EfficientNetB3,0.03749999999999998,68,44,5.142857142857143,0.023342202012890834,True
Densenet121,InceptionV3,0.014062499999999978,61,52,0.7168141592920354,0.39719091509494653,False
Densenet121,ResNet50,-0.09062499999999996,17,75,36.56521739130435,1.4764284239632275e-09,True
EfficientNetB3,InceptionV3,-0.0234375,59,74,1.6917293233082706,0.1933731631050034,False
EfficientNetB3,ResNet50,-0.12812499999999993,24,106,51.723076923076924,6.390443729742401e-13,True
InceptionV3,ResNet50,-0.10468749999999993,26,93,37.72268907563025,8.155048858426994e-10,True
